n_per_arm_nominal,baseline_callback_rate,risk_difference,cluster_size,icc,design_effect,effective_n_per_arm,approx_power_cluster_adjusted
10,0.05,0.05,2,0.01,1.01,9.900990099009901,0.06279647670170976
10,0.05,0.05,2,0.05,1.05,9.523809523809524,0.061786193499889855
10,0.05,0.05,2,0.1,1.1,9.09090909090909,0.060617887327628
10,0.05,0.05,4,0.01,1.03,9.70873786407767,0.062282381290774895
10,0.05,0.05,4,0.05,1.15,8.695652173913045,0.05954230506660485
10,0.05,0.05,4,0.1,1.3,7.692307692307692,0.056768781788663576
10,0.05,0.05,8,0.01,1.07,9.345794392523365,0.06130694527027799
10,0.05,0.05,8,0.05,1.35,7.4074074074074066,0.055968472839617193
10,0.05,0.05,8,0.1,1.7000000000000002,5.88235294117647,0.05156414009698159
10,0.05,0.10000000000000002,2,0.01,1.01,9.900990099009901,0.11628861160637972
10,0.05,0.10000000000000002,2,0.05,1.05,9.523809523809524,0.11343083631316495
10,0.05,0.10000000000000002,2,0.1,1.1,9.09090909090909,0.1101444314623643
10,0.05,0.10000000000000002,4,0.01,1.03,9.70873786407767,0.11483259275802915
10,0.05,0.10000000000000002,4,0.05,1.15,8.695652173913045,0.10713697207906502
10,0.05,0.10000000000000002,4,0.1,1.3,7.692307692307692,0.0994669423667153
10,0.05,0.10000000000000002,8,0.01,1.07,9.345794392523365,0.11208030116773433
10,0.05,0.10000000000000002,8,0.05,1.35,7.4074074074074066,0.09727779765682534
10,0.05,0.10000000000000002,8,0.1,1.7000000000000002,5.88235294117647,0.08544169141008201
10,0.05,0.15000000000000002,2,0.01,1.01,9.900990099009901,0.1839854475819363
10,0.05,0.15000000000000002,2,0.05,1.05,9.523809523809524,0.17861369142281214
10,0.05,0.15000000000000002,2,0.1,1.1,9.09090909090909,0.17244271521848736
10,0.05,0.15000000000000002,4,0.01,1.03,9.70873786407767,0.1812479963157422
10,0.05,0.15000000000000002,4,0.05,1.15,8.695652173913045,0.16680308583614448
10,0.05,0.15000000000000002,4,0.1,1.3,7.692307692307692,0.15246351747398074
10,0.05,0.15000000000000002,8,0.01,1.07,9.345794392523365,0.17607682196624896
10,0.05,0.15000000000000002,8,0.05,1.35,7.4074074074074066,0.14838500674894212
10,0.05,0.15000000000000002,8,0.1,1.7000000000000002,5.88235294117647,0.12648392334186473
10,0.05,0.2,2,0.01,1.01,9.900990099009901,0.2632031011117738
10,0.05,0.2,2,0.05,1.05,9.523809523809524,0.25494378266689754
10,0.05,0.2,2,0.1,1.1,9.09090909090909,0.24543564290364367
10,0.05,0.2,4,0.01,1.03,9.70873786407767,0.2589962805846579
10,0.05,0.2,4,0.05,1.15,8.695652173913045,0.2367296069148555
10,0.05,0.2,4,0.1,1.3,7.692307692307692,0.21453707515734988
10,0.05,0.2,8,0.01,1.07,9.345794392523365,0.2510374719076313
10,0.05,0.2,8,0.05,1.35,7.4074074074074066,0.20821429240326433
10,0.05,0.2,8,0.1,1.7000000000000002,5.88235294117647,0.17424053157393288
10,0.05,0.3,2,0.01,1.01,9.900990099009901,0.4417863270468095
10,0.05,0.3,2,0.05,1.05,9.523809523809524,0.4280580258003965
10,0.05,0.3,2,0.1,1.1,9.09090909090909,0.41207353983483935
10,0.05,0.3,4,0.01,1.03,9.70873786407767,0.43481239774582636
10,0.05,0.3,4,0.05,1.15,8.695652173913045,0.3972732854084197
10,0.05,0.3,4,0.1,1.3,7.692307692307692,0.3588752797223477
10,0.05,0.3,8,0.01,1.07,9.345794392523365,0.4215140417915204
10,0.05,0.3,8,0.05,1.35,7.4074074074074066,0.3477700729460701
10,0.05,0.3,8,0.1,1.7000000000000002,5.88235294117647,0.28701757411980144
10,0.1,0.05000000000000002,2,0.01,1.01,9.900990099009901,0.052402103346373394
10,0.1,0.05000000000000002,2,0.05,1.05,9.523809523809524,0.0517098802997757
10,0.1,0.05000000000000002,2,0.1,1.1,9.09090909090909,0.050907556235205514
10,0.1,0.05000000000000002,4,0.01,1.03,9.70873786407767,0.052050037289496615
10,0.1,0.05000000000000002,4,0.05,1.15,8.695652173913045,0.05016712523596906
10,0.1,0.05000000000000002,4,0.1,1.3,7.692307692307692,0.04824956602849983
10,0.1,0.05000000000000002,8,0.01,1.07,9.345794392523365,0.051381001015974696
10,0.1,0.05000000000000002,8,0.05,1.35,7.4074074074074066,0.04769393575520248
10,0.1,0.05000000000000002,8,0.1,1.7000000000000002,5.88235294117647,0.04461612746724988
10,0.1,0.1,2,0.01,1.01,9.900990099009901,0.0920014772607205
10,0.1,0.1,2,0.05,1.05,9.523809523809524,0.0900130840126416
10,0.1,0.1,2,0.1,1.1,9.09090909090909,0.08772265286183513
10,0.1,0.1,4,0.01,1.03,9.70873786407767,0.09098877406702124
10,0.1,0.1,4,0.05,1.15,8.695652173913045,0.08562280682826429
10,0.1,0.1,4,0.1,1.3,7.692307692307692,0.08024910260912911
10,0.1,0.1,8,0.01,1.07,9.345794392523365,0.08907234887005715
10,0.1,0.1,8,0.05,1.35,7.4074074074074066,0.07871002798191176
10,0.1,0.1,8,0.1,1.7000000000000002,5.88235294117647,0.07034032240382722
10,0.1,0.15,2,0.01,1.01,9.900990099009901,0.14417432699796623
10,0.1,0.15,2,0.05,1.05,9.523809523809524,0.14028804081006915
10,0.1,0.15,2,0.1,1.1,9.09090909090909,0.1358229161432205
10,0.1,0.15,4,0.01,1.03,9.70873786407767,0.14219390405444907
10,0.1,0.15,4,0.05,1.15,8.695652173913045,0.13174106690525303
10,0.1,0.15,4,0.1,1.3,7.692307692307692,0.12135294367033739
10,0.1,0.15,8,0.01,1.07,9.345794392523365,0.1384525605473962
10,0.1,0.15,8,0.05,1.35,7.4074074074074066,0.11839470191081643
10,0.1,0.15,8,0.1,1.7000000000000002,5.88235294117647,0.10246500350979043
10,0.1,0.20000000000000004,2,0.01,1.01,9.900990099009901,0.2082890554096834
10,0.1,0.20000000000000004,2,0.05,1.05,9.523809523809524,0.20201561206812269
10,0.1,0.20000000000000004,2,0.1,1.1,9.09090909090909,0.1948061149033491
10,0.1,0.20000000000000004,4,0.01,1.03,9.70873786407767,0.20509240316264213
10,0.1,0.20000000000000004,4,0.05,1.15,8.695652173913045,0.18821541119262136
10,0.1,0.20000000000000004,4,0.1,1.3,7.692307692307692,0.17145291096632403
10,0.1,0.20000000000000004,8,0.01,1.07,9.345794392523365,0.199052123608303
10,0.1,0.20000000000000004,8,0.05,1.35,7.4074074074074066,0.16668503664995518
10,0.1,0.20000000000000004,8,0.1,1.7000000000000002,5.88235294117647,0.14109529582760863
10,0.1,0.30000000000000004,2,0.01,1.01,9.900990099009901,0.36513187827837273
10,0.1,0.30000000000000004,2,0.05,1.05,9.523809523809524,0.3535183219878837
10,0.1,0.30000000000000004,2,0.1,1.1,9.09090909090909,0.3400742608646282
10,0.1,0.30000000000000004,4,0.01,1.03,9.70873786407767,0.35922428462260153
10,0.1,0.30000000000000004,4,0.05,1.15,8.695652173913045,0.32769747075373473
10,0.1,0.30000000000000004,4,0.1,1.3,7.692307692307692,0.29588120777411464
10,0.1,0.30000000000000004,8,0.01,1.07,9.345794392523365,0.34800444546423204
10,0.1,0.30000000000000004,8,0.05,1.35,7.4074074074074066,0.28675250998880497
10,0.1,0.30000000000000004,8,0.1,1.7000000000000002,5.88235294117647,0.23730705794222637
10,0.2,0.04999999999999999,2,0.01,1.01,9.900990099009901,0.04521014896622104
10,0.2,0.04999999999999999,2,0.05,1.05,9.523809523809524,0.04472410194971657
10,0.2,0.04999999999999999,2,0.1,1.1,9.09090909090909,0.04415960051776764
10,0.2,0.04999999999999999,4,0.01,1.03,9.70873786407767,0.04496305764734896
10,0.2,0.04999999999999999,4,0.05,1.15,8.695652173913045,0.04363752851346142
10,0.2,0.04999999999999999,4,0.1,1.3,7.692307692307692,0.042280304014802345
10,0.2,0.04999999999999999,8,0.01,1.07,9.345794392523365,0.044492858566855066
10,0.2,0.04999999999999999,8,0.05,1.35,7.4074074074074066,0.04188559432375042
10,0.2,0.04999999999999999,8,0.1,1.7000000000000002,5.88235294117647,0.039686716820381475
10,0.2,0.10000000000000003,2,0.01,1.01,9.900990099009901,0.07439680861221265
10,0.2,0.10000000000000003,2,0.05,1.05,9.523809523809524,0.07301019750884656
10,0.2,0.10000000000000003,2,0.1,1.1,9.09090909090909,0.0714097432954915
10,0.2,0.10000000000000003,4,0.01,1.03,9.70873786407767,0.07369091379118171
10,0.2,0.10000000000000003,4,0.05,1.15,8.695652173913045,0.06993928683155066
10,0.2,0.10000000000000003,4,0.1,1.3,7.692307692307692,0.06616134236604891
10,0.2,0.10000000000000003,8,0.01,1.07,9.345794392523365,0.07235327841395314
10,0.2,0.10000000000000003,8,0.05,1.35,7.4074074074074066,0.06507507352428447
10,0.2,0.10000000000000003,8,0.1,1.7000000000000002,5.88235294117647,0.05913053750735105
10,0.2,0.14999999999999997,2,0.01,1.01,9.900990099009901,0.11388463548529075
10,0.2,0.14999999999999997,2,0.05,1.05,9.523809523809524,0.11111433583575775
10,0.2,0.14999999999999997,2,0.1,1.1,9.09090909090909,0.10792813918145097
10,0.2,0.14999999999999997,4,0.01,1.03,9.70873786407767,0.11247322240179651
10,0.2,0.14999999999999997,4,0.05,1.15,8.695652173913045,0.10501198677550211
10,0.2,0.14999999999999997,4,0.1,1.3,7.692307692307692,0.09757287722179053
10,0.2,0.14999999999999997,8,0.01,1.07,9.345794392523365,0.10980503305187055
10,0.2,0.14999999999999997,8,0.05,1.35,7.4074074074074066,0.09544906765878408
10,0.2,0.14999999999999997,8,0.1,1.7000000000000002,5.88235294117647,0.08396090102241353
10,0.2,0.2,2,0.01,1.01,9.900990099009901,0.16448062475607492
10,0.2,0.2,2,0.05,1.05,9.523809523809524,0.159836898148528
10,0.2,0.2,2,0.1,1.1,9.09090909090909,0.1545026241879504
10,0.2,0.2,4,0.01,1.03,9.70873786407767,0.16211412392111513
10,0.2,0.2,4,0.05,1.15,8.695652173913045,0.14962764695287648
10,0.2,0.2,4,0.1,1.3,7.692307692307692,0.13722986458044192
10,0.2,0.2,8,0.01,1.07,9.345794392523365,0.15764396949947285
10,0.2,0.2,8,0.05,1.35,7.4074074074074066,0.1337023604135406
10,0.2,0.2,8,0.1,1.7000000000000002,5.88235294117647,0.11474092293623561
10,0.2,0.3,2,0.01,1.01,9.900990099009901,0.2986827598464127
10,0.2,0.3,2,0.05,1.05,9.523809523809524,0.2891979134343693
10,0.2,0.3,2,0.1,1.1,9.09090909090909,0.27826110867301973
10,0.2,0.3,4,0.01,1.03,9.70873786407767,0.2938535783605768
10,0.2,0.3,4,0.05,1.15,8.695652173913045,0.2682311743141527
10,0.2,0.3,4,0.1,1.3,7.692307692307692,0.24260283081645656
10,0.2,0.3,8,0.01,1.07,9.345794392523365,0.2847069010619316
10,0.2,0.3,8,0.05,1.35,7.4074074074074066,0.23528697131305493
10,0.2,0.3,8,0.1,1.7000000000000002,5.88235294117647,0.19589693943922076
10,0.3,0.04999999999999999,2,0.01,1.01,9.900990099009901,0.042509107801213836
10,0.3,0.04999999999999999,2,0.05,1.05,9.523809523809524,0.04209690007679362
10,0.3,0.04999999999999999,2,0.1,1.1,9.09090909090909,0.041617729914556756
10,0.3,0.04999999999999999,4,0.01,1.03,9.70873786407767,0.04229959620252234
10,0.3,0.04999999999999999,4,0.05,1.15,8.695652173913045,0.041174160091072914
10,0.3,0.04999999999999999,4,0.1,1.3,7.692307692307692,0.04001909667120776
10,0.3,0.04999999999999999,8,0.01,1.07,9.345794392523365,0.0419006678363337
10,0.3,0.04999999999999999,8,0.05,1.35,7.4074074074074066,0.03968264540312419
10,0.3,0.04999999999999999,8,0.1,1.7000000000000002,5.88235294117647,0.03780370271189457
10,0.3,0.10000000000000003,2,0.01,1.01,9.900990099009901,0.067801544390991
10,0.3,0.10000000000000003,2,0.05,1.05,9.523809523809524,0.06663128713230619
10,0.3,0.10000000000000003,2,0.1,1.1,9.09090909090909,0.06527918764193474
10,0.3,0.10000000000000003,4,0.01,1.03,9.70873786407767,0.0672059254321545
10,0.3,0.10000000000000003,4,0.05,1.15,8.695652173913045,0.0640355746573487
10,0.3,0.10000000000000003,4,0.1,1.3,7.692307692307692,0.060834214019888526
10,0.3,0.10000000000000003,8,0.01,1.07,9.345794392523365,0.06607648722601299
10,0.3,0.10000000000000003,8,0.05,1.35,7.4074074074074066,0.05991197708458554
10,0.3,0.10000000000000003,8,0.1,1.7000000000000002,5.88235294117647,0.05484984552732213
10,0.3,0.14999999999999997,2,0.01,1.01,9.900990099009901,0.10253820981851794
10,0.3,0.14999999999999997,2,0.05,1.05,9.523809523809524,0.10017696867847714
10,0.3,0.14999999999999997,2,0.1,1.1,9.09090909090909,0.09745936031918466
10,0.3,0.14999999999999997,4,0.01,1.03,9.70873786407767,0.10133538681947886
10,0.3,0.14999999999999997,4,0.05,1.15,8.695652173913045,0.09497018126307327
10,0.3,0.14999999999999997,4,0.1,1.3,7.692307692307692,0.08861107830520643
10,0.3,0.14999999999999997,8,0.01,1.07,9.345794392523365,0.09906047474240735
10,0.3,0.14999999999999997,8,0.05,1.35,7.4074074074074066,0.08679291810192717
10,0.3,0.14999999999999997,8,0.1,1.7000000000000002,5.88235294117647,0.07693357554184233
10,0.3,0.2,2,0.01,1.01,9.900990099009901,0.14816150809824888
10,0.3,0.2,2,0.05,1.05,9.523809523809524,0.14412678493512834
10,0.3,0.2,2,0.1,1.1,9.09090909090909,0.13949142264310466
10,0.3,0.2,4,0.01,1.03,9.70873786407767,0.146105415149024
10,0.3,0.2,4,0.05,1.15,8.695652173913045,0.13525430387367685
10,0.3,0.2,4,0.1,1.3,7.692307692307692,0.12447303743284015
10,0.3,0.2,8,0.01,1.07,9.345794392523365,0.14222128099046374
10,0.3,0.2,8,0.05,1.35,7.4074074074074066,0.12140349437386948
10,0.3,0.2,8,0.1,1.7000000000000002,5.88235294117647,0.10488131397320019
10,0.3,0.3,2,0.01,1.01,9.900990099009901,0.27547555136044466
10,0.3,0.3,2,0.05,1.05,9.523809523809524,0.2667863265017838
10,0.3,0.3,2,0.1,1.1,9.09090909090909,0.25677803289661927
10,0.3,0.3,4,0.01,1.03,9.70873786407767,0.2710503078092381
10,0.3,0.3,4,0.05,1.15,8.695652173913045,0.24760943565013604
10,0.3,0.3,4,0.1,1.3,7.692307692307692,0.22422019974715143
10,0.3,0.3,8,0.01,1.07,9.345794392523365,0.26267519257514993
10,0.3,0.3,8,0.05,1.35,7.4074074074074066,0.2175524484018959
10,0.3,0.3,8,0.1,1.7000000000000002,5.88235294117647,0.1817034548443481
40,0.05,0.05,2,0.01,1.01,39.603960396039604,0.13491272726088632
40,0.05,0.05,2,0.05,1.05,38.095238095238095,0.1313702443069808
40,0.05,0.05,2,0.1,1.1,36.36363636363636,0.12729927629269616
40,0.05,0.05,4,0.01,1.03,38.83495145631068,0.13310758283241902
40,0.05,0.05,4,0.05,1.15,34.78260869565218,0.1235768101427247
40,0.05,0.05,4,0.1,1.3,30.769230769230766,0.11409823840735486
40,0.05,0.05,8,0.01,1.07,37.38317757009346,0.12969690944654083
40,0.05,0.05,8,0.05,1.35,29.629629629629626,0.11139741424011998
40,0.05,0.05,8,0.1,1.7000000000000002,23.52941176470588,0.09683774669976523
40,0.05,0.10000000000000002,2,0.01,1.01,39.603960396039604,0.33449717351124597
40,0.05,0.10000000000000002,2,0.05,1.05,38.095238095238095,0.32383506332852924
40,0.05,0.10000000000000002,2,0.1,1.1,36.36363636363636,0.3115163572070294
40,0.05,0.10000000000000002,4,0.01,1.03,38.83495145631068,0.3290711082362999
40,0.05,0.10000000000000002,4,0.05,1.15,34.78260869565218,0.3001972130283134
40,0.05,0.10000000000000002,4,0.1,1.3,30.769230769230766,0.2711873911795958
40,0.05,0.10000000000000002,8,0.01,1.07,37.38317757009346,0.31877969372646187
40,0.05,0.10000000000000002,8,0.05,1.35,29.629629629629626,0.2628852859735791
40,0.05,0.10000000000000002,8,0.1,1.7000000000000002,23.52941176470588,0.21805533623905995
40,0.05,0.15000000000000002,2,0.01,1.01,39.603960396039604,0.563324157288437
40,0.05,0.15000000000000002,2,0.05,1.05,38.095238095238095,0.5472204068783975
40,0.05,0.15000000000000002,2,0.1,1.1,36.36363636363636,0.5282419577399645
40,0.05,0.15000000000000002,4,0.01,1.03,38.83495145631068,0.5551664131930758
40,0.05,0.15000000000000002,4,0.05,1.15,34.78260869565218,0.5104561044571935
40,0.05,0.15000000000000002,4,0.1,1.3,30.769230769230766,0.4633944653937956
40,0.05,0.15000000000000002,8,0.01,1.07,37.38317757009346,0.5394800496709031
40,0.05,0.15000000000000002,8,0.05,1.35,29.629629629629626,0.44954695978996545
40,0.05,0.15000000000000002,8,0.1,1.7000000000000002,23.52941176470588,0.37206963343221955
40,0.05,0.2,2,0.01,1.01,39.603960396039604,0.7558329823860319
40,0.05,0.2,2,0.05,1.05,38.095238095238095,0.7395434212562815
40,0.05,0.2,2,0.1,1.1,36.36363636363636,0.7197559242741571
40,0.05,0.2,4,0.01,1.03,38.83495145631068,0.747638899174525
40,0.05,0.2,4,0.05,1.15,34.78260869565218,0.7006392200074172
40,0.05,0.2,4,0.1,1.3,30.769230769230766,0.6474369950394165
40,0.05,0.2,8,0.01,1.07,37.38317757009346,0.7315497793697744
40,0.05,0.2,8,0.05,1.35,29.629629629629626,0.6310736434178533
40,0.05,0.2,8,0.1,1.7000000000000002,23.52941176470588,0.5338235047079578
40,0.05,0.3,2,0.01,1.01,39.603960396039604,0.9522507947414864
40,0.05,0.3,2,0.05,1.05,38.095238095238095,0.9449031451269448
40,0.05,0.3,2,0.1,1.1,36.36363636363636,0.9351815673248451
40,0.05,0.3,4,0.01,1.03,38.83495145631068,0.9486279962454123
40,0.05,0.3,4,0.05,1.15,34.78260869565218,0.9249447815848183
40,0.05,0.3,4,0.1,1.3,30.769230769230766,0.8919621186394945
40,0.05,0.3,8,0.01,1.07,37.38317757009346,0.9410818894877597
40,0.05,0.3,8,0.05,1.35,29.629629629629626,0.8804557855807238
40,0.05,0.3,8,0.1,1.7000000000000002,23.52941176470588,0.7983456319145396
40,0.1,0.05000000000000002,2,0.01,1.01,39.603960396039604,0.09956607996258243
40,0.1,0.05000000000000002,2,0.05,1.05,38.095238095238095,0.09731078010735844
40,0.1,0.05000000000000002,2,0.1,1.1,36.36363636363636,0.09471453807793428
40,0.1,0.05000000000000002,4,0.01,1.03,38.83495145631068,0.0984172788270044
40,0.1,0.05000000000000002,4,0.05,1.15,34.78260869565218,0.09233595915546691
40,0.1,0.05000000000000002,4,0.1,1.3,30.769230769230766,0.08625670293557214
40,0.1,0.05000000000000002,8,0.01,1.07,37.38317757009346,0.09624422316864426
40,0.1,0.05000000000000002,8,0.05,1.35,29.629629629629626,0.08451777449837107
40,0.1,0.05000000000000002,8,0.1,1.7000000000000002,23.52941176470588,0.07508105581437256
40,0.1,0.1,2,0.01,1.01,39.603960396039604,0.24287111660481017
40,0.1,0.1,2,0.05,1.05,38.095238095238095,0.23533635209831108
40,0.1,0.1,2,0.1,1.1,36.36363636363636,0.22666896060588324
40,0.1,0.1,4,0.01,1.03,38.83495145631068,0.2390326460886554
40,0.1,0.1,4,0.05,1.15,34.78260869565218,0.21873849750121482
40,0.1,0.1,4,0.1,1.3,30.769230769230766,0.1985444104457373
40,0.1,0.1,8,0.01,1.07,37.38317757009346,0.2317746230574395
40,0.1,0.1,8,0.05,1.35,29.629629629629626,0.19279573481557102
40,0.1,0.1,8,0.1,1.7000000000000002,23.52941176470588,0.16192963019998344
40,0.1,0.15,2,0.01,1.01,39.603960396039604,0.4350472730875452
40,0.1,0.15,2,0.05,1.05,38.095238095238095,0.42148800288747545
40,0.1,0.15,2,0.1,1.1,36.36363636363636,0.4057092124075117
40,0.1,0.15,4,0.01,1.03,38.83495145631068,0.4281583111014678
40,0.1,0.15,4,0.05,1.15,34.78260869565218,0.3911075871387373
40,0.1,0.15,4,0.1,1.3,30.769230769230766,0.35325913067422277
40,0.1,0.15,8,0.01,1.07,37.38317757009346,0.4150270958221258
40,0.1,0.15,8,0.05,1.35,29.629629629629626,0.3423214651854106
40,0.1,0.15,8,0.1,1.7000000000000002,23.52941176470588,0.2825453567214715
40,0.1,0.20000000000000004,2,0.01,1.01,39.603960396039604,0.6312702985872501
40,0.1,0.20000000000000004,2,0.05,1.05,38.095238095238095,0.6145039297262505
40,0.1,0.20000000000000004,2,0.1,1.1,36.36363636363636,0.5945721947519056
40,0.1,0.20000000000000004,4,0.01,1.03,38.83495145631068,0.622793978144899
40,0.1,0.20000000000000004,4,0.05,1.15,34.78260869565218,0.575729570758368
40,0.1,0.20000000000000004,4,0.1,1.3,30.769230769230766,0.5251506834988912
40,0.1,0.20000000000000004,8,0.01,1.07,37.38317757009346,0.6063969362702083
40,0.1,0.20000000000000004,8,0.05,1.35,29.629629629629626,0.5100793589452876
40,0.1,0.20000000000000004,8,0.1,1.7000000000000002,23.52941176470588,0.4243181239453512
40,0.1,0.30000000000000004,2,0.01,1.01,39.603960396039604,0.8980315054881437
40,0.1,0.30000000000000004,2,0.05,1.05,38.095238095238095,0.8865313880645015
40,0.1,0.30000000000000004,2,0.1,1.1,36.36363636363636,0.8719051349242278
40,0.1,0.30000000000000004,4,0.01,1.03,38.83495145631068,0.8923083530406005
40,0.1,0.30000000000000004,4,0.05,1.15,34.78260869565218,0.8571052376288069
40,0.1,0.30000000000000004,4,0.1,1.3,30.769230769230766,0.8125672279471137
40,0.1,0.30000000000000004,8,0.01,1.07,37.38317757009346,0.8807086325473131
40,0.1,0.30000000000000004,8,0.05,1.35,29.629629629629626,0.7979073960824976
40,0.1,0.30000000000000004,8,0.1,1.7000000000000002,23.52941176470588,0.7019372409010771
40,0.2,0.04999999999999999,2,0.01,1.01,39.603960396039604,0.07687564840682526
40,0.2,0.04999999999999999,2,0.05,1.05,38.095238095238095,0.0754062752243991
40,0.2,0.04999999999999999,2,0.1,1.1,36.36363636363636,0.07371086933489672
40,0.2,0.04999999999999999,4,0.01,1.03,38.83495145631068,0.07612756458056368
40,0.2,0.04999999999999999,4,0.05,1.15,34.78260869565218,0.07215373727291503
40,0.2,0.04999999999999999,4,0.1,1.3,30.769230769230766,0.06815573143784165
40,0.2,0.04999999999999999,8,0.01,1.07,37.38317757009346,0.07471030672150866
40,0.2,0.04999999999999999,8,0.05,1.35,29.629629629629626,0.06700692922421782
40,0.2,0.04999999999999999,8,0.1,1.7000000000000002,23.52941176470588,0.06072664140190534
40,0.2,0.10000000000000003,2,0.01,1.01,39.603960396039604,0.17679520813797497
40,0.2,0.10000000000000003,2,0.05,1.05,38.095238095238095,0.17169160616207596
40,0.2,0.10000000000000003,2,0.1,1.1,36.36363636363636,0.16582898065699586
40,0.2,0.10000000000000003,4,0.01,1.03,38.83495145631068,0.1741943709201186
40,0.2,0.10000000000000003,4,0.05,1.15,34.78260869565218,0.1604712979896945
40,0.2,0.10000000000000003,4,0.1,1.3,30.769230769230766,0.14684828800339558
40,0.2,0.10000000000000003,8,0.01,1.07,37.38317757009346,0.16928146824253884
40,0.2,0.10000000000000003,8,0.05,1.35,29.629629629629626,0.1429732426959233
40,0.2,0.10000000000000003,8,0.1,1.7000000000000002,23.52941176470588,0.12215841354478271
40,0.2,0.14999999999999997,2,0.01,1.01,39.603960396039604,0.32553142649835765
40,0.2,0.14999999999999997,2,0.05,1.05,38.095238095238095,0.31515780942000976
40,0.2,0.14999999999999997,2,0.1,1.1,36.36363636363636,0.3031787285370974
40,0.2,0.14999999999999997,4,0.01,1.03,38.83495145631068,0.3202515299548294
40,0.2,0.14999999999999997,4,0.05,1.15,34.78260869565218,0.292177324128433
40,0.2,0.14999999999999997,4,0.1,1.3,30.769230769230766,0.26400460577548807
40,0.2,0.14999999999999997,8,0.01,1.07,37.38317757009346,0.31024101554591044
40,0.2,0.14999999999999997,8,0.05,1.35,29.629629629629626,0.25594756915383043
40,0.2,0.14999999999999997,8,0.1,1.7000000000000002,23.52941176470588,0.21247570302698915
40,0.2,0.2,2,0.01,1.01,39.603960396039604,0.5030109398666928
40,0.2,0.2,2,0.05,1.05,38.095238095238095,0.4879167250211415
40,0.2,0.2,2,0.1,1.1,36.36363636363636,0.47024297662832365
40,0.2,0.2,4,0.01,1.03,38.83495145631068,0.4953531004640424
40,0.2,0.2,4,0.05,1.15,34.78260869565218,0.45378687066352574
40,0.2,0.2,4,0.1,1.3,30.769230769230766,0.41070348711229365
40,0.2,0.2,8,0.01,1.07,37.38317757009346,0.48069383252855574
40,0.2,0.2,8,0.05,1.35,29.629629629629626,0.39814400545471995
40,0.2,0.2,8,0.1,1.7000000000000002,23.52941176470588,0.3287290476536162
40,0.2,0.3,2,0.01,1.01,39.603960396039604,0.816890491426338
40,0.2,0.3,2,0.05,1.05,38.095238095238095,0.8019216338432813
40,0.2,0.3,2,0.1,1.1,36.36363636363636,0.7834605699825516
40,0.2,0.3,4,0.01,1.03,38.83495145631068,0.8093873037169307
40,0.2,0.3,4,0.05,1.15,34.78260869565218,0.7653508229032527
40,0.2,0.3,4,0.1,1.3,30.769230769230766,0.7136416571131543
40,0.2,0.3,8,0.01,1.07,37.38317757009346,0.7944996578110481
40,0.2,0.3,8,0.05,1.35,29.629629629629626,0.6973775700552437
40,0.2,0.3,8,0.1,1.7000000000000002,23.52941176470588,0.5976335734751014
40,0.3,0.04999999999999999,2,0.01,1.01,39.603960396039604,0.06882456727536942
40,0.3,0.04999999999999999,2,0.05,1.05,38.095238095238095,0.06762114249766878
40,0.3,0.04999999999999999,2,0.1,1.1,36.36363636363636,0.06623095526518269
40,0.3,0.04999999999999999,4,0.01,1.03,38.83495145631068,0.06821204419749627
40,0.3,0.04999999999999999,4,0.05,1.15,34.78260869565218,0.06495253912571317
40,0.3,0.04999999999999999,4,0.1,1.3,30.769230769230766,0.061662648500693244
40,0.3,0.04999999999999999,8,0.01,1.07,37.38317757009346,0.06705068348965602
40,0.3,0.04999999999999999,8,0.05,1.35,29.629629629629626,0.06071520605302658
40,0.3,0.04999999999999999,8,0.1,1.7000000000000002,23.52941176470588,0.05551730659347926
40,0.3,0.10000000000000003,2,0.01,1.01,39.603960396039604,0.1527360886589176
40,0.3,0.10000000000000003,2,0.05,1.05,38.095238095238095,0.14853083354073765
40,0.3,0.10000000000000003,2,0.1,1.1,36.36363636363636,0.14369984245829004
40,0.3,0.10000000000000003,4,0.01,1.03,38.83495145631068,0.15059306756989835
40,0.3,0.10000000000000003,4,0.05,1.15,34.78260869565218,0.13928425202743464
40,0.3,0.10000000000000003,4,0.1,1.3,30.769230769230766,0.12805093820136923
40,0.3,0.10000000000000003,8,0.01,1.07,37.38317757009346,0.1465448681438898
40,0.3,0.10000000000000003,8,0.05,1.35,29.629629629629626,0.12485338460451875
40,0.3,0.10000000000000003,8,0.1,1.7000000000000002,23.52941176470588,0.10764963873755987
40,0.3,0.14999999999999997,2,0.01,1.01,39.603960396039604,0.28282245296980524
40,0.3,0.14999999999999997,2,0.05,1.05,38.095238095238095,0.27387880222155736
40,0.3,0.14999999999999997,2,0.1,1.1,36.36363636363636,0.26357401127524593
40,0.3,0.14999999999999997,4,0.01,1.03,38.83495145631068,0.278267993838045
40,0.3,0.14999999999999997,4,0.05,1.15,34.78260869565218,0.2541307513310677
40,0.3,0.14999999999999997,4,0.1,1.3,30.769230769230766,0.23002908518534254
40,0.3,0.14999999999999997,8,0.01,1.07,37.38317757009346,0.26964630970248005
40,0.3,0.14999999999999997,8,0.05,1.35,29.629629629629626,0.22315551008102805
40,0.3,0.14999999999999997,8,0.1,1.7000000000000002,23.52941176470588,0.18618460279120044
40,0.3,0.2,2,0.01,1.01,39.603960396039604,0.44878246151491313
40,0.3,0.2,2,0.05,1.05,38.095238095238095,0.4348824085212754
40,0.3,0.2,2,0.1,1.1,36.36363636363636,0.418688302860548
40,0.3,0.2,4,0.01,1.03,38.83495145631068,0.44172225855130837
40,0.3,0.2,4,0.05,1.15,34.78260869565218,0.4036850747412568
40,0.3,0.2,4,0.1,1.3,30.769230769230766,0.36472317007579996
40,0.3,0.2,8,0.01,1.07,37.38317757009346,0.4282538385204999
40,0.3,0.2,8,0.05,1.35,29.629629629629626,0.35344547317251196
40,0.3,0.2,8,0.1,1.7000000000000002,23.52941176470588,0.29168363423473515
40,0.3,0.3,2,0.01,1.01,39.603960396039604,0.7785463153727806
40,0.3,0.3,2,0.05,1.05,38.095238095238095,0.7626462856425743
40,0.3,0.3,2,0.1,1.1,36.36363636363636,0.7432323477828787
40,0.3,0.3,4,0.01,1.03,38.83495145631068,0.7705577451718664
40,0.3,0.3,4,0.05,1.15,34.78260869565218,0.7243791415495942
40,0.3,0.3,4,0.1,1.3,30.769230769230766,0.6714529068042038
40,0.3,0.3,8,0.01,1.07,37.38317757009346,0.7548163330335553
40,0.3,0.3,8,0.05,1.35,29.629629629629626,0.6550504847724077
40,0.3,0.3,8,0.1,1.7000000000000002,23.52941176470588,0.5565307392257772
80,0.05,0.05,2,0.01,1.01,79.20792079207921,0.2270217513148676
80,0.05,0.05,2,0.05,1.05,76.19047619047619,0.22006111324869754
80,0.05,0.05,2,0.1,1.1,72.72727272727272,0.2120581516601381
80,0.05,0.05,4,0.01,1.03,77.66990291262135,0.2234753375716557
80,0.05,0.05,4,0.05,1.15,69.56521739130436,0.2047390215498314
80,0.05,0.05,4,0.1,1.3,61.53846153846153,0.18611375115259984
80,0.05,0.05,8,0.01,1.07,74.76635514018692,0.21677192528457317
80,0.05,0.05,8,0.05,1.35,59.25925925925925,0.1808141920712297
80,0.05,0.05,8,0.1,1.7000000000000002,47.05882352941176,0.15236885368932052
80,0.05,0.10000000000000002,2,0.01,1.01,79.20792079207921,0.58208366893785
80,0.05,0.10000000000000002,2,0.05,1.05,76.19047619047619,0.5657429783847546
80,0.05,0.10000000000000002,2,0.1,1.1,72.72727272727272,0.546442158436395
80,0.05,0.10000000000000002,4,0.01,1.03,77.66990291262135,0.5738101893682712
80,0.05,0.10000000000000002,4,0.05,1.15,69.56521739130436,0.5283136083030675
80,0.05,0.10000000000000002,4,0.1,1.3,61.53846153846153,0.48016808829582414
80,0.05,0.10000000000000002,8,0.01,1.07,74.76635514018692,0.5578766687618238
80,0.05,0.10000000000000002,8,0.05,1.35,59.25925925925925,0.46595573843933785
80,0.05,0.10000000000000002,8,0.1,1.7000000000000002,47.05882352941176,0.3860939077112996
80,0.05,0.15000000000000002,2,0.01,1.01,79.20792079207921,0.8501956755768174
80,0.05,0.15000000000000002,2,0.05,1.05,76.19047619047619,0.8363652188996608
80,0.05,0.15000000000000002,2,0.1,1.1,72.72727272727272,0.8191268447575495
80,0.05,0.15000000000000002,4,0.01,1.03,77.66990291262135,0.8432801994442876
80,0.05,0.15000000000000002,4,0.05,1.15,69.56521739130436,0.8020353798057029
80,0.05,0.15000000000000002,4,0.1,1.3,61.53846153846153,0.7523482114459487
80,0.05,0.15000000000000002,8,0.01,1.07,74.76635514018692,0.8294581069669753
80,0.05,0.15000000000000002,8,0.05,1.35,59.25925925925925,0.7364740929789391
80,0.05,0.15000000000000002,8,0.1,1.7000000000000002,47.05882352941176,0.6369346354159355
80,0.05,0.2,2,0.01,1.01,79.20792079207921,0.963420579293659
80,0.05,0.2,2,0.05,1.05,76.19047619047619,0.9572548424191863
80,0.05,0.2,2,0.1,1.1,72.72727272727272,0.9489839489514652
80,0.05,0.2,4,0.01,1.03,77.66990291262135,0.9603904114548881
80,0.05,0.2,4,0.05,1.15,69.56521739130436,0.9401529940629842
80,0.05,0.2,4,0.1,1.3,61.53846153846153,0.9110092840898845
80,0.05,0.2,8,0.01,1.07,74.76635514018692,0.9540182802546371
80,0.05,0.2,8,0.05,1.35,59.25925925925925,0.9006350398461281
80,0.05,0.2,8,0.1,1.7000000000000002,47.05882352941176,0.824303020860415
80,0.05,0.3,2,0.01,1.01,79.20792079207921,0.9992363651052016
80,0.05,0.3,2,0.05,1.05,76.19047619047619,0.9989325681475185
80,0.05,0.3,2,0.1,1.1,72.72727272727272,0.9984373357602153
80,0.05,0.3,4,0.01,1.03,77.66990291262135,0.9990939232114631
80,0.05,0.3,4,0.05,1.15,69.56521739130436,0.9977940047741095
80,0.05,0.3,4,0.1,1.3,61.53846153846153,0.994785470916623
80,0.05,0.3,8,0.01,1.07,74.76635514018692,0.998750908178471
80,0.05,0.3,8,0.05,1.35,59.25925925925925,0.9933708093836993
80,0.05,0.3,8,0.1,1.7000000000000002,47.05882352941176,0.9769097367241103
80,0.1,0.05000000000000002,2,0.01,1.01,79.20792079207921,0.1576781866540794
80,0.1,0.05000000000000002,2,0.05,1.05,76.19047619047619,0.15328850234578184
80,0.1,0.05000000000000002,2,0.1,1.1,72.72727272727272,0.1482458732678291
80,0.1,0.05000000000000002,4,0.01,1.03,77.66990291262135,0.15544116039346564
80,0.1,0.05000000000000002,4,0.05,1.15,69.56521739130436,0.14363714879080605
80,0.1,0.05000000000000002,4,0.1,1.3,61.53846153846153,0.13191444002466998
80,0.1,0.05000000000000002,8,0.01,1.07,74.76635514018692,0.1512154992873078
80,0.1,0.05000000000000002,8,0.05,1.35,59.25925925925925,0.12857825429237466
80,0.1,0.05000000000000002,8,0.1,1.7000000000000002,47.05882352941176,0.11063618178600391
80,0.1,0.1,2,0.01,1.01,79.20792079207921,0.43093271251583165
80,0.1,0.1,2,0.05,1.05,76.19047619047619,0.41747834871075157
80,0.1,0.1,2,0.1,1.1,72.72727272727272,0.4018269367186872
80,0.1,0.1,4,0.01,1.03,77.66990291262135,0.42409651242777224
80,0.1,0.1,4,0.05,1.15,69.56521739130436,0.38734805822899016
80,0.1,0.1,4,0.1,1.3,61.53846153846153,0.34983813538766506
80,0.1,0.1,8,0.01,1.07,74.76635514018692,0.4110689226670713
80,0.1,0.1,8,0.05,1.35,59.25925925925925,0.3390034154659398
80,0.1,0.1,8,0.1,1.7000000000000002,47.05882352941176,0.2798253713771076
80,0.1,0.15,2,0.01,1.01,79.20792079207921,0.7192333181325679
80,0.1,0.15,2,0.05,1.05,76.19047619047619,0.7025346808751087
80,0.1,0.15,2,0.1,1.1,72.72727272727272,0.6823987701638412
80,0.1,0.15,4,0.01,1.03,77.66990291262135,0.7108190981722632
80,0.1,0.15,4,0.05,1.15,69.56521739130436,0.6630887741378602
80,0.1,0.15,4,0.1,1.3,61.53846153846153,0.6100084175837944
80,0.1,0.15,8,0.01,1.07,74.76635514018692,0.6943813498250035
80,0.1,0.15,8,0.05,1.35,59.25925925925925,0.593858215934542
80,0.1,0.15,8,0.1,1.7000000000000002,47.05882352941176,0.4993024079389732
80,0.1,0.20000000000000004,2,0.01,1.01,79.20792079207921,0.9007637815886305
80,0.1,0.20000000000000004,2,0.05,1.05,76.19047619047619,0.8894275172178001
80,0.1,0.20000000000000004,2,0.1,1.1,72.72727272727272,0.8749891395800391
80,0.1,0.20000000000000004,4,0.01,1.03,77.66990291262135,0.8951240531808636
80,0.1,0.20000000000000004,4,0.05,1.15,69.56521739130436,0.8603583832065687
80,0.1,0.20000000000000004,4,0.1,1.3,61.53846153846153,0.8162216992010912
80,0.1,0.20000000000000004,8,0.01,1.07,74.76635514018692,0.8836821757656514
80,0.1,0.20000000000000004,8,0.05,1.35,59.25925925925925,0.8016634465934738
80,0.1,0.20000000000000004,8,0.1,1.7000000000000002,47.05882352941176,0.7060661572680845
80,0.1,0.30000000000000004,2,0.01,1.01,79.20792079207921,0.9954527497261225
80,0.1,0.30000000000000004,2,0.05,1.05,76.19047619047619,0.9941425571876945
80,0.1,0.30000000000000004,2,0.1,1.1,72.72727272727272,0.992188436139992
80,0.1,0.30000000000000004,4,0.01,1.03,77.66990291262135,0.9948249802324475
80,0.1,0.30000000000000004,4,0.05,1.15,69.56521739130436,0.9898668447604053
80,0.1,0.30000000000000004,4,0.1,1.3,61.53846153846153,0.9806240462960861
80,0.1,0.30000000000000004,8,0.01,1.07,74.76635514018692,0.9934040480127111
80,0.1,0.30000000000000004,8,0.05,1.35,59.25925925925925,0.9767891226538143
80,0.1,0.30000000000000004,8,0.1,1.7000000000000002,47.05882352941176,0.9407793021940379
80,0.2,0.04999999999999999,2,0.01,1.01,79.20792079207921,0.11402475255513465
80,0.2,0.04999999999999999,2,0.05,1.05,76.19047619047619,0.1112493612887879
80,0.2,0.04999999999999999,2,0.1,1.1,72.72727272727272,0.10805733197855852
80,0.2,0.04999999999999999,4,0.01,1.03,77.66990291262135,0.11261074313419903
80,0.2,0.04999999999999999,4,0.05,1.15,69.56521739130436,0.105135865046346
80,0.2,0.04999999999999999,4,0.1,1.3,61.53846153846153,0.09768331464172834
80,0.2,0.04999999999999999,8,0.01,1.07,74.76635514018692,0.10993765855257968
80,0.2,0.04999999999999999,8,0.05,1.35,59.25925925925925,0.0955557021012102
80,0.2,0.04999999999999999,8,0.1,1.7000000000000002,47.05882352941176,0.08404728106046101
80,0.2,0.10000000000000003,2,0.01,1.01,79.20792079207921,0.30852060366406886
80,0.2,0.10000000000000003,2,0.05,1.05,76.19047619047619,0.29870593283436875
80,0.2,0.10000000000000003,2,0.1,1.1,72.72727272727272,0.2873830059603703
80,0.2,0.10000000000000003,4,0.01,1.03,77.66990291262135,0.30352409305714645
80,0.2,0.10000000000000003,4,0.05,1.15,69.56521739130436,0.2769937869445377
80,0.2,0.10000000000000003,4,0.1,1.3,61.53846153846153,0.2504269436908065
80,0.2,0.10000000000000003,8,0.01,1.07,74.76635514018692,0.2940571007913435
80,0.2,0.10000000000000003,8,0.05,1.35,59.25925925925925,0.24283831819144708
80,0.2,0.10000000000000003,8,0.1,1.7000000000000002,47.05882352941176,0.20195035465805175
80,0.2,0.14999999999999997,2,0.01,1.01,79.20792079207921,0.5683655341844731
80,0.2,0.14999999999999997,2,0.05,1.05,76.19047619047619,0.5521942990636337
80,0.2,0.14999999999999997,2,0.1,1.1,72.72727272727272,0.5331250674785697
80,0.2,0.14999999999999997,4,0.01,1.03,77.66990291262135,0.5601747247619404
80,0.2,0.14999999999999997,4,0.05,1.15,69.56521739130436,0.5152435710931299
80,0.2,0.14999999999999997,4,0.1,1.3,61.53846153846153,0.4678828877994449
80,0.2,0.14999999999999997,8,0.01,1.07,74.76635514018692,0.5444183564765499
80,0.2,0.14999999999999997,8,0.05,1.35,59.25925925925925,0.453935502997032
80,0.2,0.14999999999999997,8,0.1,1.7000000000000002,47.05882352941176,0.37581091396099164
80,0.2,0.2,2,0.01,1.01,79.20792079207921,0.7946087189427342
80,0.2,0.2,2,0.05,1.05,76.19047619047619,0.7790542406427456
80,0.2,0.2,2,0.1,1.1,72.72727272727272,0.7599866928199643
80,0.2,0.2,4,0.01,1.03,77.66990291262135,0.786800981469826
80,0.2,0.2,4,0.05,1.15,69.56521739130436,0.7413957083526223
80,0.2,0.2,4,0.1,1.3,61.53846153846153,0.6888541946882085
80,0.2,0.2,8,0.01,1.07,74.76635514018692,0.7713736752137575
80,0.2,0.2,8,0.05,1.35,59.25925925925925,0.6724753497083715
80,0.2,0.2,8,0.1,1.7000000000000002,47.05882352941176,0.5732856735296057
80,0.2,0.3,2,0.01,1.01,79.20792079207921,0.9816774616651321
80,0.2,0.3,2,0.05,1.05,76.19047619047619,0.9778800726158425
80,0.2,0.3,2,0.1,1.1,72.72727272727272,0.9726022163229632
80,0.2,0.3,4,0.01,1.03,77.66990291262135,0.9798268882627604
80,0.2,0.3,4,0.05,1.15,69.56521739130436,0.9667618587947245
80,0.2,0.3,4,0.1,1.3,61.53846153846153,0.9462506157977186
80,0.2,0.3,8,0.01,1.07,74.76635514018692,0.9758384840191643
80,0.2,0.3,8,0.05,1.35,59.25925925925925,0.9385618479667935
80,0.2,0.3,8,0.1,1.7000000000000002,47.05882352941176,0.8772755851673654
80,0.3,0.04999999999999999,2,0.01,1.01,79.20792079207921,0.09892495891123464
80,0.3,0.04999999999999999,2,0.05,1.05,76.19047619047619,0.09669243697307357
80,0.3,0.04999999999999999,2,0.1,1.1,72.72727272727272,0.0941222902880167
80,0.3,0.04999999999999999,4,0.01,1.03,77.66990291262135,0.09778777266989744
80,0.3,0.04999999999999999,4,0.05,1.15,69.56521739130436,0.09176749302855292
80,0.3,0.04999999999999999,4,0.1,1.3,61.53846153846153,0.08574841770343489
80,0.3,0.04999999999999999,8,0.01,1.07,74.76635514018692,0.09563661699731056
80,0.3,0.04999999999999999,8,0.05,1.35,59.25925925925925,0.08402653044402073
80,0.3,0.04999999999999999,8,0.1,1.7000000000000002,47.05882352941176,0.07468073609202686
80,0.3,0.10000000000000003,2,0.01,1.01,79.20792079207921,0.26193261596383854
80,0.3,0.10000000000000003,2,0.05,1.05,76.19047619047619,0.2537181377518605
80,0.3,0.10000000000000003,2,0.1,1.1,72.72727272727272,0.24426210694571093
80,0.3,0.10000000000000003,4,0.01,1.03,77.66990291262135,0.2577485834197163
80,0.3,0.10000000000000003,4,0.05,1.15,69.56521739130436,0.23560421067541346
80,0.3,0.10000000000000003,4,0.1,1.3,61.53846153846153,0.21353600790057142
80,0.3,0.10000000000000003,8,0.01,1.07,74.76635514018692,0.2498331740452277
80,0.3,0.10000000000000003,8,0.05,1.35,59.25925925925925,0.20724901216779007
80,0.3,0.10000000000000003,8,0.1,1.7000000000000002,47.05882352941176,0.17346943442095988
80,0.3,0.14999999999999997,2,0.01,1.01,79.20792079207921,0.4997646946416998
80,0.3,0.14999999999999997,2,0.05,1.05,76.19047619047619,0.4847347643040151
80,0.3,0.14999999999999997,2,0.1,1.1,72.72727272727272,0.4671419298512673
80,0.3,0.14999999999999997,4,0.01,1.03,77.66990291262135,0.4921389020654141
80,0.3,0.14999999999999997,4,0.05,1.15,69.56521739130436,0.4507664076236882
80,0.3,0.14999999999999997,4,0.1,1.3,61.53846153846153,0.40791637895778
80,0.3,0.14999999999999997,8,0.01,1.07,74.76635514018692,0.4775442181954888
80,0.3,0.14999999999999997,8,0.05,1.35,59.25925925925925,0.39543063293755426
80,0.3,0.14999999999999997,8,0.1,1.7000000000000002,47.05882352941176,0.3264643098121204
80,0.3,0.2,2,0.01,1.01,79.20792079207921,0.7355809174786648
80,0.3,0.2,2,0.05,1.05,76.19047619047619,0.7190336316874902
80,0.3,0.2,2,0.1,1.1,72.72727272727272,0.6990171999270065
80,0.3,0.2,4,0.01,1.03,77.66990291262135,0.7272490701485262
80,0.3,0.2,4,0.05,1.15,69.56521739130436,0.679760780722069
80,0.3,0.2,4,0.1,1.3,61.53846153846153,0.6265466388165719
80,0.3,0.2,8,0.01,1.07,74.76635514018692,0.7109367601826909
80,0.3,0.2,8,0.05,1.35,59.25925925925925,0.610280428061576
80,0.3,0.2,8,0.1,1.7000000000000002,47.05882352941176,0.514432945544206
80,0.3,0.3,2,0.01,1.01,79.20792079207921,0.9710833738246376
80,0.3,0.3,2,0.05,1.05,76.19047619047619,0.9658317319522328
80,0.3,0.3,2,0.1,1.1,72.72727272727272,0.9587012748691901
80,0.3,0.3,4,0.01,1.03,77.66990291262135,0.9685098335376929
80,0.3,0.3,4,0.05,1.15,69.56521739130436,0.9509945492791319
80,0.3,0.3,4,0.1,1.3,61.53846153846153,0.9250172794113894
80,0.3,0.3,8,0.01,1.07,74.76635514018692,0.9630523978024339
80,0.3,0.3,8,0.05,1.35,59.25925925925925,0.9156052338605071
80,0.3,0.3,8,0.1,1.7000000000000002,47.05882352941176,0.8444496921814639
150,0.05,0.05,2,0.01,1.01,148.5148514851485,0.3815699708546769
150,0.05,0.05,2,0.05,1.05,142.85714285714286,0.36946928919737276
150,0.05,0.05,2,0.1,1.1,136.36363636363635,0.35544547372222396
150,0.05,0.05,4,0.01,1.03,145.63106796116506,0.3754162047738408
150,0.05,0.05,4,0.05,1.15,130.43478260869566,0.342520537853521
150,0.05,0.05,4,0.1,1.3,115.38461538461539,0.3092361175583212
150,0.05,0.05,8,0.01,1.07,140.18691588785046,0.36371965403280226
150,0.05,0.05,8,0.05,1.35,111.1111111111111,0.29967159354542305
150,0.05,0.05,8,0.1,1.7000000000000002,88.23529411764704,0.2477686596754577
150,0.05,0.10000000000000002,2,0.01,1.01,148.5148514851485,0.8431729766195337
150,0.05,0.10000000000000002,2,0.05,1.05,142.85714285714286,0.8290736107350618
150,0.05,0.10000000000000002,2,0.1,1.1,136.36363636363635,0.8115423904013144
150,0.05,0.10000000000000002,4,0.01,1.03,145.63106796116506,0.8361190698849104
150,0.05,0.10000000000000002,4,0.05,1.15,130.43478260869566,0.7942027676029606
150,0.05,0.10000000000000002,4,0.1,1.3,115.38461538461539,0.7440008321655116
150,0.05,0.10000000000000002,8,0.01,1.07,140.18691588785046,0.8220437573958809
150,0.05,0.10000000000000002,8,0.05,1.35,111.1111111111111,0.7280192901462518
150,0.05,0.10000000000000002,8,0.1,1.7000000000000002,88.23529411764704,0.6283148241069461
150,0.05,0.15000000000000002,2,0.01,1.01,148.5148514851485,0.9839904369873197
150,0.05,0.15000000000000002,2,0.05,1.05,142.85714285714286,0.9805497904524655
150,0.05,0.15000000000000002,2,0.1,1.1,136.36363636363635,0.9757347220636147
150,0.05,0.15000000000000002,4,0.01,1.03,145.63106796116506,0.9823164659915353
150,0.05,0.15000000000000002,4,0.05,1.15,130.43478260869566,0.9703693882429933
150,0.05,0.15000000000000002,4,0.1,1.3,115.38461538461539,0.9512962645406502
150,0.05,0.15000000000000002,8,0.01,1.07,140.18691588785046,0.9786914127668059
150,0.05,0.15000000000000002,8,0.05,1.35,111.1111111111111,0.9440748341582295
150,0.05,0.15000000000000002,8,0.1,1.7000000000000002,88.23529411764704,0.8856015813649399
150,0.05,0.2,2,0.01,1.01,148.5148514851485,0.999256998389501
150,0.05,0.2,2,0.05,1.05,142.85714285714286,0.9989601157775053
150,0.05,0.2,2,0.1,1.1,136.36363636363635,0.9984754987262836
150,0.05,0.2,4,0.01,1.03,145.63106796116506,0.9991178447872457
150,0.05,0.2,4,0.05,1.15,130.43478260869566,0.9978451013025036
150,0.05,0.2,4,0.1,1.3,115.38461538461539,0.9948897400233465
150,0.05,0.2,8,0.01,1.07,140.18691588785046,0.9987824312500454
150,0.05,0.2,8,0.05,1.35,111.1111111111111,0.9934974635500606
150,0.05,0.2,8,0.1,1.7000000000000002,88.23529411764704,0.9772427740017492
150,0.05,0.3,2,0.01,1.01,148.5148514851485,0.9999997944851604
150,0.05,0.3,2,0.05,1.05,142.85714285714286,0.9999995860918783
150,0.05,0.3,2,0.1,1.1,136.36363636363635,0.9999990802946286
150,0.05,0.3,4,0.01,1.03,145.63106796116506,0.999999706204143
150,0.05,0.3,4,0.05,1.15,130.43478260869566,0.9999981031472872
150,0.05,0.3,4,0.1,1.3,115.38461538461539,0.9999883667076723
150,0.05,0.3,8,0.01,1.07,140.18691588785046,0.9999994248419801
150,0.05,0.3,8,0.05,1.35,111.1111111111111,0.9999806628591914
150,0.05,0.3,8,0.1,1.7000000000000002,88.23529411764704,0.9997236956185352
150,0.1,0.05000000000000002,2,0.01,1.01,148.5148514851485,0.2575169266731886
150,0.1,0.05000000000000002,2,0.05,1.05,142.85714285714286,0.249458763167379
150,0.1,0.05000000000000002,2,0.1,1.1,136.36363636363635,0.24018430328055052
150,0.1,0.05000000000000002,4,0.01,1.03,145.63106796116506,0.25341234235665877
150,0.1,0.05000000000000002,4,0.05,1.15,130.43478260869566,0.23169407254436444
150,0.1,0.05000000000000002,4,0.1,1.3,115.38461538461539,0.21005859011323372
150,0.1,0.05000000000000002,8,0.01,1.07,140.18691588785046,0.2456481926335381
150,0.1,0.05000000000000002,8,0.05,1.35,111.1111111111111,0.20389607445124408
150,0.1,0.05000000000000002,8,0.1,1.7000000000000002,88.23529411764704,0.17079143618859527
150,0.1,0.1,2,0.01,1.01,148.5148514851485,0.686363203491309
150,0.1,0.1,2,0.05,1.05,142.85714285714286,0.6695003870194669
150,0.1,0.1,2,0.1,1.1,136.36363636363635,0.6492842274878513
150,0.1,0.1,4,0.01,1.03,145.63106796116506,0.6778547896674774
150,0.1,0.1,4,0.05,1.15,130.43478260869566,0.6300101390616543
150,0.1,0.1,4,0.1,1.3,115.38461538461539,0.5775411152245691
150,0.1,0.1,8,0.01,1.07,140.18691588785046,0.6612995342897974
150,0.1,0.1,8,0.05,1.35,111.1111111111111,0.5617124856116893
150,0.1,0.1,8,0.1,1.7000000000000002,88.23529411764704,0.47011856340994346
150,0.1,0.15,2,0.01,1.01,148.5148514851485,0.93559347800431
150,0.1,0.15,2,0.05,1.05,142.85714285714286,0.92673441419033
150,0.1,0.15,2,0.1,1.1,136.36363636363635,0.9151937027171956
150,0.1,0.15,4,0.01,1.03,145.63106796116506,0.9312094434910574
150,0.1,0.15,4,0.05,1.15,130.43478260869566,0.9032301685234992
150,0.1,0.15,4,0.1,1.3,115.38461538461539,0.8657082767475597
150,0.1,0.15,8,0.01,1.07,140.18691588785046,0.9221753042687835
150,0.1,0.15,8,0.05,1.35,111.1111111111111,0.8529136195100347
150,0.1,0.15,8,0.1,1.7000000000000002,88.23529411764704,0.7646783808925086
150,0.1,0.20000000000000004,2,0.01,1.01,148.5148514851485,0.9935158748554493
150,0.1,0.20000000000000004,2,0.05,1.05,142.85714285714286,0.9917836083592537
150,0.1,0.20000000000000004,2,0.1,1.1,136.36363636363635,0.9892457060918671
150,0.1,0.20000000000000004,4,0.01,1.03,145.63106796116506,0.9926822875031633
150,0.1,0.20000000000000004,4,0.05,1.15,130.43478260869566,0.9862842509721271
150,0.1,0.20000000000000004,4,0.1,1.3,115.38461538461539,0.974864685659281
150,0.1,0.20000000000000004,8,0.01,1.07,140.18691588785046,0.9908187755291502
150,0.1,0.20000000000000004,8,0.05,1.35,111.1111111111111,0.9702459755241755
150,0.1,0.20000000000000004,8,0.1,1.7000000000000002,88.23529411764704,0.9286613544932071
150,0.1,0.30000000000000004,2,0.01,1.01,148.5148514851485,0.9999912903878164
150,0.1,0.30000000000000004,2,0.05,1.05,142.85714285714286,0.9999851220169308
150,0.1,0.30000000000000004,2,0.1,1.1,136.36363636363635,0.9999726133746935
150,0.1,0.30000000000000004,4,0.01,1.03,145.63106796116506,0.999988552336537
150,0.1,0.30000000000000004,4,0.05,1.15,130.43478260869566,0.9999523995644821
150,0.1,0.30000000000000004,4,0.1,1.3,115.38461538461539,0.9998102367235656
150,0.1,0.30000000000000004,8,0.01,1.07,140.18691588785046,0.9999808677363995
150,0.1,0.30000000000000004,8,0.05,1.35,111.1111111111111,0.99972059124285
150,0.1,0.30000000000000004,8,0.1,1.7000000000000002,88.23529411764704,0.9978937375908824
150,0.2,0.04999999999999999,2,0.01,1.01,148.5148514851485,0.17703268702541725
150,0.2,0.04999999999999999,2,0.05,1.05,142.85714285714286,0.17192022241957922
150,0.2,0.04999999999999999,2,0.1,1.1,136.36363636363635,0.16604740906618337
150,0.2,0.04999999999999999,4,0.01,1.03,145.63106796116506,0.1744273343017389
150,0.2,0.04999999999999999,4,0.05,1.15,130.43478260869566,0.1606804138376551
150,0.2,0.04999999999999999,4,0.1,1.3,115.38461538461539,0.14703374752418724
150,0.2,0.04999999999999999,8,0.01,1.07,140.18691588785046,0.16950589689883636
150,0.2,0.04999999999999999,8,0.05,1.35,111.1111111111111,0.14315198767289758
150,0.2,0.04999999999999999,8,0.1,1.7000000000000002,88.23529411764704,0.12230132639994344
150,0.2,0.10000000000000003,2,0.01,1.01,148.5148514851485,0.515597925156448
150,0.2,0.10000000000000003,2,0.05,1.05,142.85714285714286,0.5002636538278039
150,0.2,0.10000000000000003,2,0.1,1.1,136.36363636363635,0.4822860136667371
150,0.2,0.10000000000000003,4,0.01,1.03,145.63106796116506,0.5078205859541218
150,0.2,0.10000000000000003,4,0.05,1.15,130.43478260869566,0.46552571209638527
150,0.2,0.10000000000000003,4,0.1,1.3,115.38461538461539,0.4215549941657853
150,0.2,0.10000000000000003,8,0.01,1.07,140.18691588785046,0.49291948591677964
150,0.2,0.10000000000000003,8,0.05,1.35,111.1111111111111,0.4087135777518396
150,0.2,0.10000000000000003,8,0.1,1.7000000000000002,88.23529411764704,0.33757203236640654
150,0.2,0.14999999999999997,2,0.01,1.01,148.5148514851485,0.8313821851336711
150,0.2,0.14999999999999997,2,0.05,1.05,142.85714285714286,0.8168670763114747
150,0.2,0.14999999999999997,2,0.1,1.1,136.36363636363635,0.7988876845724064
150,0.2,0.14999999999999997,4,0.01,1.03,145.63106796116506,0.8241138089527646
150,0.2,0.14999999999999997,4,0.05,1.15,130.43478260869566,0.781173070377797
150,0.2,0.14999999999999997,4,0.1,1.3,115.38461538461539,0.7302175125658417
150,0.2,0.14999999999999997,8,0.01,1.07,140.18691588785046,0.8096487362793225
150,0.2,0.14999999999999997,8,0.05,1.35,111.1111111111111,0.714087283533639
150,0.2,0.14999999999999997,8,0.1,1.7000000000000002,88.23529411764704,0.614260022808296
150,0.2,0.2,2,0.01,1.01,148.5148514851485,0.9678508191668415
150,0.2,0.2,2,0.05,1.05,142.85714285714286,0.9622017266748402
150,0.2,0.2,2,0.1,1.1,136.36363636363635,0.9545733122202321
150,0.2,0.2,4,0.01,1.03,145.63106796116506,0.9650789290565824
150,0.2,0.2,4,0.05,1.15,130.43478260869566,0.9463735526143398
150,0.2,0.2,4,0.1,1.3,115.38461538461539,0.918996696578658
150,0.2,0.2,8,0.01,1.07,140.18691588785046,0.9592230211718653
150,0.2,0.2,8,0.05,1.35,111.1111111111111,0.9091561752217805
150,0.2,0.2,8,0.1,1.7000000000000002,88.23529411764704,0.8356660188550855
150,0.2,0.3,2,0.01,1.01,148.5148514851485,0.9998316299689143
150,0.2,0.3,2,0.05,1.05,142.85714285714286,0.9997479920704624
150,0.2,0.3,2,0.1,1.1,136.36363636363635,0.9996011210626239
150,0.2,0.3,4,0.01,1.03,145.63106796116506,0.9997931299863299
150,0.2,0.3,4,0.05,1.15,130.43478260869566,0.9993955592799998
150,0.2,0.3,4,0.1,1.3,115.38461538461539,0.9982930303997809
150,0.2,0.3,8,0.01,1.07,140.18691588785046,0.9996954678122841
150,0.2,0.3,8,0.05,1.35,111.1111111111111,0.9977188089016611
150,0.2,0.3,8,0.1,1.7000000000000002,88.23529411764704,0.989672780417289
150,0.3,0.04999999999999999,2,0.01,1.01,148.5148514851485,0.14930226833401242
150,0.3,0.04999999999999999,2,0.05,1.05,142.85714285714286,0.14522503996391914
150,0.3,0.04999999999999999,2,0.1,1.1,136.36363636363635,0.14054092234483329
150,0.3,0.04999999999999999,4,0.01,1.03,145.63106796116506,0.1472245079275725
150,0.3,0.04999999999999999,4,0.05,1.15,130.43478260869566,0.13625932871776406
150,0.3,0.04999999999999999,4,0.1,1.3,115.38461538461539,0.12536542909754692
150,0.3,0.04999999999999999,8,0.01,1.07,140.18691588785046,0.1432994824627568
150,0.3,0.04999999999999999,8,0.05,1.35,111.1111111111111,0.12226399412803621
150,0.3,0.04999999999999999,8,0.1,1.7000000000000002,88.23529411764704,0.10557202696197468
150,0.3,0.10000000000000003,2,0.01,1.01,148.5148514851485,0.4407899292166429
150,0.3,0.10000000000000003,2,0.05,1.05,142.85714285714286,0.4270863996192292
150,0.3,0.10000000000000003,2,0.1,1.1,136.36363636363635,0.4111320949212237
150,0.3,0.10000000000000003,4,0.01,1.03,145.63106796116506,0.43382844831177425
150,0.3,0.10000000000000003,4,0.05,1.15,130.43478260869566,0.3963610178679356
150,0.3,0.10000000000000003,4,0.1,1.3,115.38461538461539,0.35804387556338113
150,0.3,0.10000000000000003,8,0.01,1.07,140.18691588785046,0.42055460081333984
150,0.3,0.10000000000000003,8,0.05,1.35,111.1111111111111,0.3469633556204357
150,0.3,0.10000000000000003,8,0.1,1.7000000000000002,88.23529411764704,0.28635496856443565
150,0.3,0.14999999999999997,2,0.01,1.01,148.5148514851485,0.765166073317599
150,0.3,0.14999999999999997,2,0.05,1.05,142.85714285714286,0.7490231546129251
150,0.3,0.14999999999999997,2,0.1,1.1,136.36363636363635,0.729373489459938
150,0.3,0.14999999999999997,4,0.01,1.03,145.63106796116506,0.7570496324037135
150,0.3,0.14999999999999997,4,0.05,1.15,130.43478260869566,0.7103506696401132
150,0.3,0.14999999999999997,4,0.1,1.3,115.38461538461539,0.6572262042519019
150,0.3,0.14999999999999997,8,0.01,1.07,140.18691588785046,0.7410903560593066
150,0.3,0.14999999999999997,8,0.05,1.35,111.1111111111111,0.6408372448248698
150,0.3,0.14999999999999997,8,0.1,1.7000000000000002,88.23529411764704,0.5430234346953671
150,0.3,0.2,2,0.01,1.01,148.5148514851485,0.9436518674048047
150,0.3,0.2,2,0.05,1.05,142.85714285714286,0.9354913068616547
150,0.3,0.2,2,0.1,1.1,136.36363636363635,0.9247864539313486
150,0.3,0.2,4,0.01,1.03,145.63106796116506,0.9396201004231226
150,0.3,0.2,4,0.05,1.15,130.43478260869566,0.9136114195376123
150,0.3,0.2,4,0.1,1.3,115.38461538461539,0.878138356907516
150,0.3,0.2,8,0.01,1.07,140.18691588785046,0.9312718648812256
150,0.3,0.2,8,0.05,1.35,111.1111111111111,0.8659181993374458
150,0.3,0.2,8,0.1,1.7000000000000002,88.23529411764704,0.7803503066017803
150,0.3,0.3,2,0.01,1.01,148.5148514851485,0.9995520784996975
150,0.3,0.3,2,0.05,1.05,142.85714285714286,0.9993585397063176
150,0.3,0.3,2,0.1,1.1,136.36363636363635,0.999034625164793
150,0.3,0.3,4,0.01,1.03,145.63106796116506,0.9994619205223707
150,0.3,0.3,4,0.05,1.15,130.43478260869566,0.9986025819484144
150,0.3,0.3,4,0.1,1.3,115.38461538461539,0.9964821951652747
150,0.3,0.3,8,0.01,1.07,140.18691588785046,0.9992407800243253
150,0.3,0.3,8,0.05,1.35,111.1111111111111,0.9954481454241478
150,0.3,0.3,8,0.1,1.7000000000000002,88.23529411764704,0.9826060483033414
250,0.05,0.05,2,0.01,1.01,247.5247524752475,0.5719278507663095
250,0.05,0.05,2,0.05,1.05,238.09523809523807,0.5557106024907608
250,0.05,0.05,2,0.1,1.1,227.27272727272725,0.5365790424048489
250,0.05,0.05,4,0.01,1.03,242.71844660194174,0.5637145387525049
250,0.05,0.05,4,0.05,1.15,217.3913043478261,0.5186315174212646
250,0.05,0.05,4,0.1,1.3,192.3076923076923,0.47106292060844873
250,0.05,0.05,8,0.01,1.07,233.6448598130841,0.5479102768632444
250,0.05,0.05,8,0.05,1.35,185.18518518518516,0.4570457591392564
250,0.05,0.05,8,0.1,1.7000000000000002,147.05882352941174,0.378466611581491
250,0.05,0.10000000000000002,2,0.01,1.01,247.5247524752475,0.96933608243594
250,0.05,0.10000000000000002,2,0.05,1.05,238.09523809523807,0.9638673228859784
250,0.05,0.10000000000000002,2,0.1,1.1,227.27272727272725,0.9564644337185622
250,0.05,0.10000000000000002,4,0.01,1.03,242.71844660194174,0.966654226093271
250,0.05,0.10000000000000002,4,0.05,1.15,217.3913043478261,0.9484875470085661
250,0.05,0.10000000000000002,4,0.1,1.3,192.3076923076923,0.9217412090121837
250,0.05,0.10000000000000002,8,0.01,1.07,233.6448598130841,0.9609789659497723
250,0.05,0.10000000000000002,8,0.05,1.35,185.18518518518516,0.9120930908692317
250,0.05,0.10000000000000002,8,0.1,1.7000000000000002,147.05882352941174,0.8396454397379063
250,0.05,0.15000000000000002,2,0.01,1.01,247.5247524752475,0.999578767825984
250,0.05,0.15000000000000002,2,0.05,1.05,238.09523809523807,0.9993950806044518
250,0.05,0.15000000000000002,2,0.1,1.1,227.27272727272725,0.9990867222955105
250,0.05,0.15000000000000002,4,0.01,1.03,242.71844660194174,0.9994932630601521
250,0.05,0.15000000000000002,4,0.05,1.15,217.3913043478261,0.9986741784889921
250,0.05,0.15000000000000002,4,0.1,1.3,192.3076923076923,0.9966381916969407
250,0.05,0.15000000000000002,8,0.01,1.07,233.6448598130841,0.9992830919228932
250,0.05,0.15000000000000002,8,0.05,1.35,185.18518518518516,0.9956411523085479
250,0.05,0.15000000000000002,8,0.1,1.7000000000000002,147.05882352941174,0.983165091524492
250,0.05,0.2,2,0.01,1.01,247.5247524752475,0.9999985111238493
250,0.05,0.2,2,0.05,1.05,238.09523809523807,0.9999972505244257
250,0.05,0.2,2,0.1,1.1,227.27272727272725,0.9999944674134343
250,0.05,0.2,4,0.01,1.03,242.71844660194174,0.9999979636888605
250,0.05,0.2,4,0.05,1.15,217.3913043478261,0.9999895730088936
250,0.05,0.2,4,0.1,1.3,192.3076923076923,0.9999490391797505
250,0.05,0.2,8,0.01,1.07,233.6448598130841,0.9999963322378259
250,0.05,0.2,8,0.05,1.35,185.18518518518516,0.9999205373528216
250,0.05,0.2,8,0.1,1.7000000000000002,147.05882352941174,0.9991896570519009
250,0.05,0.3,2,0.01,1.01,247.5247524752475,0.9999999999994098
250,0.05,0.3,2,0.05,1.05,238.09523809523807,0.9999999999979436
250,0.05,0.3,2,0.1,1.1,227.27272727272725,0.9999999999914457
250,0.05,0.3,4,0.01,1.03,242.71844660194174,0.9999999999988841
250,0.05,0.3,4,0.05,1.15,217.3913043478261,0.9999999999687847
250,0.05,0.3,4,0.1,1.3,192.3076923076923,0.9999999991928993
250,0.05,0.3,8,0.01,1.07,233.6448598130841,0.999999999996301
250,0.05,0.3,8,0.05,1.35,185.18518518518516,0.9999999979869416
250,0.05,0.3,8,0.1,1.7000000000000002,147.05882352941174,0.9999997538149464
250,0.1,0.05000000000000002,2,0.01,1.01,247.5247524752475,0.3935324244028515
250,0.1,0.05000000000000002,2,0.05,1.05,238.09523809523807,0.38108822261278574
250,0.1,0.05000000000000002,2,0.1,1.1,227.27272727272725,0.3666538649497344
250,0.1,0.05000000000000002,4,0.01,1.03,242.71844660194174,0.3872052290891867
250,0.1,0.05000000000000002,4,0.05,1.15,217.3913043478261,0.3533392215412047
250,0.1,0.05000000000000002,4,0.1,1.3,192.3076923076923,0.3190045307645152
250,0.1,0.05000000000000002,8,0.01,1.07,233.6448598130841,0.3751718528366721
250,0.1,0.05000000000000002,8,0.05,1.35,185.18518518518516,0.30912662139389374
250,0.1,0.05000000000000002,8,0.1,1.7000000000000002,147.05882352941174,0.25544523673034353
250,0.1,0.1,2,0.01,1.01,247.5247524752475,0.8843864827626816
250,0.1,0.1,2,0.05,1.05,238.09523809523807,0.8721228881606222
250,0.1,0.1,2,0.1,1.1,227.27272727272725,0.8566279548328974
250,0.1,0.1,4,0.01,1.03,242.71844660194174,0.8782739575639354
250,0.1,0.1,4,0.05,1.15,217.3913043478261,0.8410527861586745
250,0.1,0.1,4,0.1,1.3,192.3076923076923,0.7947079597922231
250,0.1,0.1,8,0.01,1.07,233.6448598130841,0.8659412880455002
250,0.1,0.1,8,0.05,1.35,185.18518518518516,0.7796009220720446
250,0.1,0.1,8,0.1,1.7000000000000002,147.05882352941174,0.6820897328444585
250,0.1,0.15,2,0.01,1.01,247.5247524752475,0.9943147285784533
250,0.1,0.15,2,0.05,1.05,238.09523809523807,0.9927518749001591
250,0.1,0.15,2,0.1,1.1,227.27272727272725,0.9904469550551939
250,0.1,0.15,4,0.01,1.03,242.71844660194174,0.9935638646039912
250,0.1,0.15,4,0.05,1.15,217.3913043478261,0.9877393732066551
250,0.1,0.15,4,0.1,1.3,192.3076923076923,0.9771744627359555
250,0.1,0.15,8,0.01,1.07,233.6448598130841,0.991877536099107
250,0.1,0.15,8,0.05,1.35,185.18518518518516,0.9728607187070444
250,0.1,0.15,8,0.1,1.7000000000000002,147.05882352941174,0.9334132729841847
250,0.1,0.20000000000000004,2,0.01,1.01,247.5247524752475,0.9999209520033483
250,0.1,0.20000000000000004,2,0.05,1.05,238.09523809523807,0.9998775999641436
250,0.1,0.20000000000000004,2,0.1,1.1,227.27272727272725,0.9997986072248364
250,0.1,0.20000000000000004,4,0.01,1.03,242.71844660194174,0.9999011798381825
250,0.1,0.20000000000000004,4,0.05,1.15,217.3913043478261,0.9996838852483159
250,0.1,0.20000000000000004,4,0.1,1.3,192.3076923076923,0.9990247215509261
250,0.1,0.20000000000000004,8,0.01,1.07,233.6448598130841,0.9998497084185468
250,0.1,0.20000000000000004,8,0.05,1.35,185.18518518518516,0.9986638459820303
250,0.1,0.20000000000000004,8,0.1,1.7000000000000002,147.05882352941174,0.9931071425546502
250,0.1,0.30000000000000004,2,0.01,1.01,247.5247524752475,0.9999999995201806
250,0.1,0.30000000000000004,2,0.05,1.05,238.09523809523807,0.999999998743904
250,0.1,0.30000000000000004,2,0.1,1.1,227.27272727272725,0.9999999962327231
250,0.1,0.30000000000000004,4,0.01,1.03,242.71844660194174,0.9999999992158989
250,0.1,0.30000000000000004,4,0.05,1.15,217.3913043478261,0.9999999897929929
250,0.1,0.30000000000000004,4,0.1,1.3,192.3076923076923,0.9999998754899792
250,0.1,0.30000000000000004,8,0.01,1.07,233.6448598130841,0.9999999980251658
250,0.1,0.30000000000000004,8,0.05,1.35,185.18518518518516,0.9999997487697763
250,0.1,0.30000000000000004,8,0.1,1.7000000000000002,147.05882352941174,0.9999900002772404
250,0.2,0.04999999999999999,2,0.01,1.01,247.5247524752475,0.2656351586632205
250,0.2,0.04999999999999999,2,0.05,1.05,238.09523809523807,0.257290174990442
250,0.2,0.04999999999999999,2,0.1,1.1,227.27272727272725,0.24768245347335294
250,0.2,0.04999999999999999,4,0.01,1.03,242.71844660194174,0.2613848057951267
250,0.2,0.04999999999999999,4,0.05,1.15,217.3913043478261,0.23888439399228756
250,0.2,0.04999999999999999,4,0.1,1.3,192.3076923076923,0.21645408566449792
250,0.2,0.04999999999999999,8,0.01,1.07,233.6448598130841,0.25334307318002725
250,0.2,0.04999999999999999,8,0.05,1.35,185.18518518518516,0.21006283385961888
250,0.2,0.04999999999999999,8,0.1,1.7000000000000002,147.05882352941174,0.1757173732988713
250,0.2,0.10000000000000003,2,0.01,1.01,247.5247524752475,0.7326432934459085
250,0.2,0.10000000000000003,2,0.05,1.05,238.09523809523807,0.7160651936424123
250,0.2,0.10000000000000003,2,0.1,1.1,227.27272727272725,0.6960231383423932
250,0.2,0.10000000000000003,4,0.01,1.03,242.71844660194174,0.7242948031067697
250,0.2,0.10000000000000003,4,0.05,1.15,217.3913043478261,0.6767533397485196
250,0.2,0.10000000000000003,4,0.1,1.3,192.3076923076923,0.6235542034008341
250,0.2,0.10000000000000003,8,0.01,1.07,233.6448598130841,0.7079564662323581
250,0.2,0.10000000000000003,8,0.05,1.35,185.18518518518516,0.6073064840105209
250,0.2,0.10000000000000003,8,0.1,1.7000000000000002,147.05882352941174,0.5116812182421966
250,0.2,0.14999999999999997,2,0.01,1.01,247.5247524752475,0.9647924075585764
250,0.2,0.14999999999999997,2,0.05,1.05,238.09523809523807,0.9587834034621959
250,0.2,0.14999999999999997,2,0.1,1.1,227.27272727272725,0.9507068579072314
250,0.2,0.14999999999999997,4,0.01,1.03,242.71844660194174,0.9618406443117039
250,0.2,0.14999999999999997,4,0.05,1.15,217.3913043478261,0.9420662645639585
250,0.2,0.14999999999999997,4,0.1,1.3,192.3076923076923,0.9134525266192796
250,0.2,0.14999999999999997,8,0.01,1.07,233.6448598130841,0.9556249146780762
250,0.2,0.14999999999999997,8,0.05,1.35,185.18518518518516,0.9032375351851198
250,0.2,0.14999999999999997,8,0.1,1.7000000000000002,147.05882352941174,0.8277457391885954
250,0.2,0.2,2,0.01,1.01,247.5247524752475,0.9984558749266594
250,0.2,0.2,2,0.05,1.05,238.09523809523807,0.9979097706269978
250,0.2,0.2,2,0.1,1.1,227.27272727272725,0.9970500938186896
250,0.2,0.2,4,0.01,1.03,242.71844660194174,0.9981976218470596
250,0.2,0.2,4,0.05,1.15,217.3913043478261,0.9959718054173753
250,0.2,0.2,4,0.1,1.3,192.3076923076923,0.9912399363578216
250,0.2,0.2,8,0.01,1.07,233.6448598130841,0.9975906880737093
250,0.2,0.2,8,0.05,1.35,185.18518518518516,0.989120847266535
250,0.2,0.2,8,0.1,1.7000000000000002,147.05882352941174,0.966478269787414
250,0.2,0.3,2,0.01,1.01,247.5247524752475,0.9999998997599612
250,0.2,0.3,2,0.05,1.05,238.09523809523807,0.9999997916965946
250,0.2,0.3,2,0.1,1.1,227.27272727272725,0.999999520282021
250,0.2,0.3,4,0.01,1.03,242.71844660194174,0.9999998543942422
250,0.2,0.3,4,0.05,1.15,217.3913043478261,0.9999989778694639
250,0.2,0.3,4,0.1,1.3,192.3076923076923,0.999993195716009
250,0.2,0.3,8,0.01,1.07,233.6448598130841,0.9999997062488469
250,0.2,0.3,8,0.05,1.35,185.18518518518516,0.9999884254868553
250,0.2,0.3,8,0.1,1.7000000000000002,147.05882352941174,0.9998131642325608
250,0.3,0.04999999999999999,2,0.01,1.01,247.5247524752475,0.22018740447145974
250,0.3,0.04999999999999999,2,0.05,1.05,238.09523809523807,0.21347650264712698
250,0.3,0.04999999999999999,2,0.1,1.1,227.27272727272725,0.20576211452461873
250,0.3,0.04999999999999999,4,0.01,1.03,242.71844660194174,0.2167680765800717
250,0.3,0.04999999999999999,4,0.05,1.15,217.3913043478261,0.19870809898861927
250,0.3,0.04999999999999999,4,0.1,1.3,192.3076923076923,0.1807615719573751
250,0.3,0.04999999999999999,8,0.01,1.07,233.6448598130841,0.21030574015190143
250,0.3,0.04999999999999999,8,0.05,1.35,185.18518518518516,0.17565593290161263
250,0.3,0.04999999999999999,8,0.1,1.7000000000000002,147.05882352941174,0.1482533143703304
250,0.3,0.10000000000000003,2,0.01,1.01,247.5247524752475,0.647293384637665
250,0.3,0.10000000000000003,2,0.05,1.05,238.09523809523807,0.6304547035308583
250,0.3,0.10000000000000003,2,0.1,1.1,227.27272727272725,0.6103907800345186
250,0.3,0.10000000000000003,4,0.01,1.03,242.71844660194174,0.6387850598807372
250,0.3,0.10000000000000003,4,0.05,1.15,217.3913043478261,0.5913792181375577
250,0.3,0.10000000000000003,4,0.1,1.3,192.3076923076923,0.5401508739904629
250,0.3,0.10000000000000003,8,0.01,1.07,233.6448598130841,0.62229986872507
250,0.3,0.10000000000000003,8,0.05,1.35,185.18518518518516,0.5248345385697571
250,0.3,0.10000000000000003,8,0.1,1.7000000000000002,147.05882352941174,0.43728116845422443
250,0.3,0.14999999999999997,2,0.01,1.01,247.5247524752475,0.9336774994677776
250,0.3,0.14999999999999997,2,0.05,1.05,238.09523809523807,0.9246604291924757
250,0.3,0.14999999999999997,2,0.1,1.1,227.27272727272725,0.9129317814491714
250,0.3,0.14999999999999997,4,0.01,1.03,242.71844660194174,0.9292136707204948
250,0.3,0.14999999999999997,4,0.05,1.15,217.3913043478261,0.9007921074045391
250,0.3,0.14999999999999997,4,0.1,1.3,192.3076923076923,0.8628180957023108
250,0.3,0.14999999999999997,8,0.01,1.07,233.6448598130841,0.9200247977032171
250,0.3,0.14999999999999997,8,0.05,1.35,185.18518518518516,0.8498982880789723
250,0.3,0.14999999999999997,8,0.1,1.7000000000000002,147.05882352941174,0.7610968645614491
250,0.3,0.2,2,0.01,1.01,247.5247524752475,0.9955789664572683
250,0.3,0.2,2,0.05,1.05,238.09523809523807,0.9942977336768446
250,0.3,0.2,2,0.1,1.1,227.27272727272725,0.99238410154986
250,0.3,0.2,4,0.01,1.03,242.71844660194174,0.9949652826043393
250,0.3,0.2,4,0.05,1.15,217.3913043478261,0.9901073770327137
250,0.3,0.2,4,0.1,1.3,192.3076923076923,0.9810201988879284
250,0.3,0.2,8,0.01,1.07,233.6448598130841,0.9935748660582766
250,0.3,0.2,8,0.05,1.35,185.18518518518516,0.9772422387529447
250,0.3,0.2,8,0.1,1.7000000000000002,147.05882352941174,0.9416485136850957
250,0.3,0.3,2,0.01,1.01,247.5247524752475,0.9999994076465143
250,0.3,0.3,2,0.05,1.05,238.09523809523807,0.9999988609625531
250,0.3,0.3,2,0.1,1.1,227.27272727272725,0.9999975995244372
250,0.3,0.3,4,0.01,1.03,242.71844660194174,0.9999991729576362
250,0.3,0.3,4,0.05,1.15,217.3913043478261,0.9999952817246279
250,0.3,0.3,4,0.1,1.3,192.3076923076923,0.999974365733107
250,0.3,0.3,8,0.01,1.07,233.6448598130841,0.9999984513348817
250,0.3,0.3,8,0.05,1.35,185.18518518518516,0.9999588198766179
250,0.3,0.3,8,0.1,1.7000000000000002,147.05882352941174,0.9995085807515485
