n_per_arm,baseline_callback_rate,risk_difference,residue_on_rate,alpha,approx_power
10,0.05,0.05,0.1,0.05,0.06306056308845444
10,0.05,0.10000000000000002,0.15000000000000002,0.05,0.11703798644946221
10,0.05,0.15000000000000002,0.2,0.05,0.18539475939440342
10,0.05,0.2,0.25,0.05,0.2653670856904745
10,0.05,0.3,0.35,0.05,0.44535861314664243
10,0.1,0.05000000000000002,0.15000000000000002,0.05,0.052582812940633786
10,0.1,0.1,0.2,0.05,0.09252239704834916
10,0.1,0.15,0.25,0.05,0.1451938944747496
10,0.1,0.20000000000000004,0.30000000000000004,0.05,0.20993451613477151
10,0.1,0.30000000000000004,0.4,0.05,0.36816442960600815
10,0.2,0.04999999999999999,0.25,0.05,0.04533688659235469
10,0.2,0.10000000000000003,0.30000000000000004,0.05,0.07475965965090427
10,0.2,0.14999999999999997,0.35,0.05,0.11461102360802089
10,0.2,0.2,0.4,0.05,0.1656990162190997
10,0.2,0.3,0.5,0.05,0.3011653567558044
10,0.3,0.04999999999999999,0.35,0.05,0.0426165365521841
10,0.3,0.10000000000000003,0.4,0.05,0.06810760325362364
10,0.3,0.14999999999999997,0.44999999999999996,0.05,0.10315710275104313
10,0.3,0.2,0.5,0.05,0.14922005245965422
10,0.3,0.3,0.6,0.05,0.27775144017896974
40,0.05,0.05,0.1,0.05,0.13584199790522036
40,0.05,0.10000000000000002,0.15000000000000002,0.05,0.3372845507177149
40,0.05,0.15000000000000002,0.2,0.05,0.5674843458336671
40,0.05,0.2,0.25,0.05,0.7599658186660183
40,0.05,0.3,0.35,0.05,0.9540221645357879
40,0.1,0.05000000000000002,0.15000000000000002,0.05,0.10015713339539653
40,0.1,0.1,0.2,0.05,0.24484620075951877
40,0.1,0.15,0.25,0.05,0.4385767671883118
40,0.1,0.20000000000000004,0.30000000000000004,0.05,0.635579254181038
40,0.1,0.30000000000000004,0.4,0.05,0.900870277475118
40,0.2,0.04999999999999999,0.25,0.05,0.0772602308117727
40,0.2,0.10000000000000003,0.30000000000000004,0.05,0.1781342221956597
40,0.2,0.14999999999999997,0.35,0.05,0.32824424869980884
40,0.2,0.2,0.4,0.05,0.5069254751367052
40,0.2,0.3,0.5,0.05,0.8206540380733275
40,0.3,0.04999999999999999,0.35,0.05,0.06913933065940384
40,0.3,0.10000000000000003,0.4,0.05,0.1538394043283075
40,0.3,0.14999999999999997,0.44999999999999996,0.05,0.2851645009531722
40,0.3,0.2,0.5,0.05,0.452398147739714
40,0.3,0.3,0.6,0.05,0.782567960584442
80,0.05,0.05,0.1,0.05,0.22884691165013862
80,0.05,0.10000000000000002,0.15000000000000002,0.05,0.5862994285999901
80,0.05,0.15000000000000002,0.2,0.05,0.8536511224814282
80,0.05,0.2,0.25,0.05,0.9648947958817238
80,0.05,0.3,0.35,0.05,0.9993009298852829
80,0.1,0.05000000000000002,0.15000000000000002,0.05,0.15882991269589755
80,0.1,0.1,0.2,0.05,0.43443561118632723
80,0.1,0.15,0.25,0.05,0.7234885550422212
80,0.1,0.20000000000000004,0.30000000000000004,0.05,0.9035597292946856
80,0.1,0.30000000000000004,0.4,0.05,0.9957466363612704
80,0.2,0.04999999999999999,0.25,0.05,0.11475247865916265
80,0.2,0.10000000000000003,0.30000000000000004,0.05,0.31108872775641416
80,0.2,0.14999999999999997,0.35,0.05,0.5725416834630026
80,0.2,0.2,0.4,0.05,0.7985336567195382
80,0.2,0.3,0.5,0.05,0.9825662726335253
80,0.3,0.04999999999999999,0.35,0.05,0.09951002680907751
80,0.3,0.10000000000000003,0.4,0.05,0.2640849207440418
80,0.3,0.14999999999999997,0.44999999999999996,0.05,0.5036633067126384
80,0.3,0.2,0.5,0.05,0.7397896598901065
80,0.3,0.3,0.6,0.05,0.9723299481926949
150,0.05,0.05,0.1,0.05,0.3847275679425928
150,0.05,0.10000000000000002,0.15000000000000002,0.05,0.8467006835964286
150,0.05,0.15000000000000002,0.2,0.05,0.9847924211563671
150,0.05,0.2,0.25,0.05,0.9993200416479652
150,0.05,0.3,0.35,0.05,0.9999998291011124
150,0.1,0.05000000000000002,0.15000000000000002,0.05,0.25962850395670223
150,0.1,0.1,0.2,0.05,0.6906751898109866
150,0.1,0.15,0.25,0.05,0.9377491728332754
150,0.1,0.20000000000000004,0.30000000000000004,0.05,0.9939086522320907
150,0.1,0.30000000000000004,0.4,0.05,0.9999924367238426
150,0.2,0.04999999999999999,0.25,0.05,0.17837402491952195
150,0.2,0.10000000000000003,0.30000000000000004,0.05,0.519571696492368
150,0.2,0.14999999999999997,0.35,0.05,0.8350221977523985
150,0.2,0.2,0.4,0.05,0.9691961288528741
150,0.2,0.3,0.5,0.05,0.9998486154006335
150,0.3,0.04999999999999999,0.35,0.05,0.1503719727294414
150,0.3,0.10000000000000003,0.4,0.05,0.44435594890142277
150,0.3,0.14999999999999997,0.44999999999999996,0.05,0.7692566913178427
150,0.3,0.2,0.5,0.05,0.9456293548734753
150,0.3,0.3,0.6,0.05,0.9995925553300756
250,0.05,0.05,0.1,0.05,0.5761148271788225
250,0.05,0.10000000000000002,0.15000000000000002,0.05,0.9706365459437579
250,0.05,0.15000000000000002,0.2,0.05,0.9996171133816829
250,0.05,0.2,0.25,0.05,0.9999987333274559
250,0.05,0.3,0.35,0.05,0.9999999999995751
250,0.1,0.05000000000000002,0.15000000000000002,0.05,0.3967779773704172
250,0.1,0.1,0.2,0.05,0.8874256487218442
250,0.1,0.15,0.25,0.05,0.9946676776908754
250,0.1,0.20000000000000004,0.30000000000000004,0.05,0.9999295586793647
250,0.1,0.30000000000000004,0.4,0.05,0.9999999996275896
250,0.2,0.04999999999999999,0.25,0.05,0.26782145288584236
250,0.2,0.10000000000000003,0.30000000000000004,0.05,0.7368613354667132
250,0.2,0.14999999999999997,0.35,0.05,0.9662274525595411
250,0.2,0.2,0.4,0.05,0.998574427908352
250,0.2,0.3,0.5,0.05,0.9999999173274472
250,0.3,0.04999999999999999,0.35,0.05,0.22194728936285188
250,0.3,0.10000000000000003,0.4,0.05,0.6516149706044043
250,0.3,0.14999999999999997,0.44999999999999996,0.05,0.9358736459317792
250,0.3,0.2,0.5,0.05,0.9958661115419737
250,0.3,0.3,0.6,0.05,0.9999995013848122
